Symbol;<PER>;Timestamp;<TIME>;Open;High;Low;Close;Volume;Adj Close
MGNT;D;200430;0;3479;3705;3468;3690;1484139;3690
MGNT;D;200504;0;3677.5;3858;3612;3760;1340370;3760
MGNT;D;200505;0;3782.5;3824.5;3664.5;3702;661431;3702
MGNT;D;200506;0;3708.5;3740;3661;3690;675492;3690
MGNT;D;200507;0;3691.5;3731;3673;3694;483755;3694
MGNT;D;200508;0;3699.5;3710;3640.5;3663;291016;3663
MGNT;D;200512;0;3663;3667.5;3573;3575.5;535623;3575.5
MGNT;D;200513;0;3569.5;3647.5;3518;3631;546151;3631
MGNT;D;200514;0;3610;3634.5;3507;3508;621758;3508
MGNT;D;200515;0;3531;3578;3520.5;3544.5;308703;3544.5
MGNT;D;200518;0;3570;3634;3551.5;3619.5;522604;3619.5
MGNT;D;200519;0;3640;3677;3583;3657;352357;3657
MGNT;D;200520;0;3658;3686;3633;3640;400697;3640
MGNT;D;200521;0;3643;3657.5;3592.5;3600;345079;3600
MGNT;D;200522;0;3589;3621;3566;3616;208008;3616
MGNT;D;200525;0;3622;3647;3614.5;3635;119457;3635
MGNT;D;200526;0;3649;3657;3581.5;3615.5;365782;3615.5
MGNT;D;200527;0;3615.5;3779;3608.5;3744.5;856327;3744.5
MGNT;D;200528;0;3763.5;3833;3735;3827;502375;3827
MGNT;D;200529;0;3818;3833;3728;3740;518322;3740
MGNT;D;200601;0;3754;3873;3753;3832;428320;3832
MGNT;D;200602;0;3852;3908;3823.5;3899.5;590579;3899.5
MGNT;D;200603;0;3915;3934.5;3812;3869;529011;3869
MGNT;D;200604;0;3869;3887;3789.5;3836;632588;3836
MGNT;D;200605;0;3840.5;3867;3815;3846;300224;3846
MGNT;D;200608;0;3863;3989;3855;3950;622249;3950
MGNT;D;200609;0;3969;3997;3916.5;3929;367852;3929
MGNT;D;200610;0;3933;4050;3911;3995;805517;3995
MGNT;D;200611;0;3955;4104;3930;4004;786098;4004
MGNT;D;200615;0;3984.5;4060;3924.5;3985.5;606762;3985.5
MGNT;D;200616;0;4010;4043.5;3945;3950;409007;3950
MGNT;D;200617;0;3969.5;3990;3904;3945;542551;3945
MGNT;D;200618;0;3805;3847;3791;3820;725669;3820
MGNT;D;200619;0;3840.5;3980;3832;3980;867710;3980
MGNT;D;200622;0;3960;4086;3907;4076;655479;4076
MGNT;D;200623;0;4083;4204.5;4083;4115;715543;4115
MGNT;D;200625;0;4098.5;4167;4066;4140.5;870462;4140.5
MGNT;D;200626;0;4145;4224;4134.5;4180.5;558665;4180.5
MGNT;D;200629;0;4182.5;4208.5;4114;4156.5;332486;4156.5
MGNT;D;200630;0;4153.5;4174.5;4020.5;4035;439418;4035
MGNT;D;200702;0;4054;4218;4047;4202;514032;4202
MGNT;D;200703;0;4205;4234.5;4179;4222;287251;4222
MGNT;D;200706;0;4236;4374;4236;4332;494536;4332
MGNT;D;200707;0;4322.5;4334;4235.5;4242;599546;4242
MGNT;D;200708;0;4240;4276.5;4184;4225;364001;4225
MGNT;D;200709;0;4224;4385;4224;4337;674716;4337
MGNT;D;200710;0;4320;4377;4272.5;4307;519649;4307
MGNT;D;200713;0;4315.5;4357.5;4274;4291;327645;4291
MGNT;D;200714;0;4305.5;4307;4125;4259.5;403736;4259.5
MGNT;D;200715;0;4264.5;4333;4237.5;4298;278935;4298
MGNT;D;200716;0;4285;4360.5;4218;4303.5;361755;4303.5
MGNT;D;200717;0;4300.5;4328.5;4264;4302;176026;4302
MGNT;D;200720;0;4299;4495;4276.5;4476.5;570102;4476.5
MGNT;D;200721;0;4487;4662.5;4480;4648;717238;4648
MGNT;D;200722;0;4647;4756;4610.5;4690;859724;4690
MGNT;D;200723;0;4700;4756;4675.5;4720;648464;4720
MGNT;D;200724;0;4717;4804.5;4692.5;4782.5;464885;4782.5
MGNT;D;200727;0;4794;4854.5;4680;4752;554837;4752
MGNT;D;200728;0;4755;4795;4713.5;4768;303507;4768
MGNT;D;200729;0;4762;4788;4600;4698;815281;4698
MGNT;D;200730;0;4707;4775;4622;4675.5;499186;4675.5
MGNT;D;200731;0;4652.5;4686.5;4555;4586;545908;4586
MGNT;D;200803;0;4586;4668;4574;4614;440772;4614
MGNT;D;200804;0;4630;4665;4600.5;4658.5;276765;4658.5
MGNT;D;200805;0;4666;4705.5;4591.5;4632;333049;4632
MGNT;D;200806;0;4630.5;4635;4572.5;4606.5;321495;4606.5
MGNT;D;200807;0;4603;4627;4534;4618;309905;4618
MGNT;D;200810;0;4622;4675;4577;4613.5;263586;4613.5
MGNT;D;200811;0;4613;4655;4563.5;4622;368984;4622
MGNT;D;200812;0;4636;4646;4581;4619.5;343556;4619.5
MGNT;D;200813;0;4619.5;4780;4593.5;4738.5;509353;4738.5
MGNT;D;200814;0;4740;4784;4676;4763.5;561231;4763.5
MGNT;D;200817;0;4764;4817.5;4647.5;4688;518607;4688
MGNT;D;200818;0;4670;4739;4655;4690.5;321094;4690.5
MGNT;D;200819;0;4695;4711.5;4661.5;4671.5;252837;4671.5
MGNT;D;200820;0;4659.5;4659.5;4523.5;4561.5;533803;4561.5
MGNT;D;200821;0;4558.5;4585;4438;4523;368723;4523
MGNT;D;200824;0;4548.5;4613;4532.5;4608;335463;4608
MGNT;D;200825;0;4615.5;4644.5;4576;4642.5;473599;4642.5
MGNT;D;200826;0;4642;4676;4606.5;4666;302374;4666
MGNT;D;200827;0;4666;4746;4652.5;4728;422233;4728
MGNT;D;200828;0;4729;4730;4560;4581.5;481042;4581.5
MGNT;D;200831;0;4590;4603;4420.5;4474.5;468217;4474.5
MGNT;D;200901;0;4480;4540;4376;4497.5;556547;4497.5
MGNT;D;200902;0;4500;4619;4444.5;4564.5;518184;4564.5
MGNT;D;200903;0;4575.5;4597.5;4537.5;4565;274496;4565
MGNT;D;200904;0;4559.5;4616;4528;4590.5;251453;4590.5
MGNT;D;200907;0;4580;4604.5;4540;4558.5;150741;4558.5
MGNT;D;200908;0;4562;4582.5;4448.5;4535;312059;4535
MGNT;D;200909;0;4532;4532;4403;4456;279467;4456
MGNT;D;200910;0;4463;4518;4420;4475;217757;4475
MGNT;D;200911;0;4490;4685;4468;4663.5;322222;4663.5
MGNT;D;200914;0;4685;4773.5;4632;4671.5;458729;4671.5
MGNT;D;200915;0;4663;4758;4609.5;4724.5;382678;4724.5
MGNT;D;200916;0;4735.5;4753;4637;4710;274442;4710
MGNT;D;200917;0;4683;4889.5;4677;4863;787198;4863
MGNT;D;200918;0;4867;4875;4788;4805;394972;4805
MGNT;D;200921;0;4813;4813;4691.5;4772.5;468255;4772.5
MGNT;D;200922;0;4762;4965;4717;4962;654074;4962
MGNT;D;200923;0;4951;5138.5;4918;4989.5;762604;4989.5
MGNT;D;200924;0;4980.5;5082;4966;5057;584374;5057
MGNT;D;200925;0;5062;5129.5;4976.5;5025;484960;5025
MGNT;D;200928;0;5040;5114;5023;5080;347077;5080
MGNT;D;200929;0;5068;5086.5;4926;4965.5;492171;4965.5
MGNT;D;200930;0;4954;4995.5;4874.5;4956;440560;4956
MGNT;D;201001;0;4983.5;5022;4850;4896;419660;4896
MGNT;D;201002;0;4860;4940;4853.5;4906.5;308123;4906.5
MGNT;D;201005;0;4917;4949.5;4872;4895;323020;4895
MGNT;D;201006;0;4901;4911;4858;4879;214699;4879
MGNT;D;201007;0;4877;4897;4692;4766.5;603324;4766.5
MGNT;D;201008;0;4770;4799;4695;4722;389157;4722
MGNT;D;201009;0;4719.5;4719.5;4597;4690.5;330711;4690.5
MGNT;D;201012;0;4699;4863;4676;4859;428179;4859
MGNT;D;201013;0;4852;4934.5;4785;4837;448933;4837
MGNT;D;201014;0;4839;4931.5;4818.5;4912;369365;4912
MGNT;D;201015;0;4902.5;4912;4702;4741;357136;4741
MGNT;D;201016;0;4738.5;4804.5;4687;4782;358808;4782
MGNT;D;201019;0;4787.5;4950;4777.5;4914.5;441176;4914.5
MGNT;D;201020;0;4929;5023;4867.5;4910.5;506574;4910.5
MGNT;D;201021;0;4912;4934;4829;4863;267046;4863
MGNT;D;201022;0;4849;4925;4831;4900.5;212813;4900.5
MGNT;D;201023;0;4898.5;4908;4825.5;4855.5;176391;4855.5
MGNT;D;201026;0;4829;4894;4760;4799.5;254788;4799.5
MGNT;D;201027;0;4817.5;4862;4763;4784;263856;4784
MGNT;D;201028;0;4775;4783.5;4636;4702;403906;4702
MGNT;D;201029;0;4710;4742;4581;4659;603634;4659
MGNT;D;201030;0;4636;4728;4542;4706;356991;4706
MGNT;D;201102;0;4706;4844;4635;4829;291287;4829
MGNT;D;201103;0;4833;4900;4728;4770;415512;4770
MGNT;D;201105;0;4820;4860.5;4708;4741.5;344948;4741.5
MGNT;D;201106;0;4749;4827.5;4694.5;4796;400139;4796
MGNT;D;201109;0;4820;4930;4797.5;4893.5;487087;4893.5
MGNT;D;201110;0;4885;4985.5;4880;4945;333565;4945
MGNT;D;201111;0;4961;5003.5;4754;4780;523010;4780
MGNT;D;201112;0;4777;4974.5;4771;4910;478098;4910
MGNT;D;201113;0;4930;4946.5;4831;4932;251469;4932
MGNT;D;201116;0;4947;5025;4906.5;4982;396031;4982
MGNT;D;201117;0;4993.5;5000;4848;4891.5;319977;4891.5
MGNT;D;201118;0;4891.5;5001;4850;4980;442458;4980
MGNT;D;201119;0;4998;5096.5;4943;5012.5;632419;5012.5
MGNT;D;201120;0;5001;5028.5;4900;4933;390445;4933
MGNT;D;201123;0;4934;4989;4883;4945;366980;4945
MGNT;D;201124;0;4960;4968.5;4876.5;4910;319868;4910
MGNT;D;201125;0;4915;4935;4806.5;4891.5;555502;4891.5
MGNT;D;201126;0;4897;4995;4874.5;4971.5;309192;4971.5
MGNT;D;201127;0;4977.5;4997;4936.5;4985.5;272493;4985.5
MGNT;D;201130;0;4969.5;5043.5;4947;4979;303833;4979
MGNT;D;201201;0;4979;5057;4961.5;5019.5;290875;5019.5
MGNT;D;201202;0;5004;5038;4968.5;4995;232363;4995
MGNT;D;201203;0;4998.5;5054;4950.5;5008;485355;5008
MGNT;D;201204;0;5013.5;5034;4975;4992.5;151598;4992.5
MGNT;D;201207;0;4994.5;5050;4992;5008;202118;5008
MGNT;D;201208;0;5022.5;5055.5;5000;5040.5;282800;5040.5
MGNT;D;201209;0;5051.5;5426;5048;5384;1358687;5384
MGNT;D;201210;0;5396;5496;5309;5384.5;908425;5384.5
MGNT;D;201211;0;5359;5418;5321.5;5381;309310;5381
MGNT;D;201214;0;5391;5549;5385;5512;574282;5512
MGNT;D;201215;0;5524;5548;5445;5494;306982;5494
MGNT;D;201216;0;5483;5537.5;5406.5;5432;324675;5432
MGNT;D;201217;0;5441.5;5457.5;5368;5421;382297;5421
MGNT;D;201218;0;5414;5498.5;5384;5449;332646;5449
MGNT;D;201221;0;5441;5444;5284;5362;571561;5362
MGNT;D;201222;0;5337.5;5394.5;5321.5;5346;283565;5346
MGNT;D;201223;0;5340;5382;5287.5;5356;272274;5356
MGNT;D;201224;0;5362;5468.5;5339;5424.5;260208;5424.5
MGNT;D;201225;0;5421.5;5486;5420;5474.5;179783;5474.5
MGNT;D;201228;0;5487;5607.5;5483.5;5599;368382;5599
MGNT;D;201229;0;5613;5687.5;5587.5;5643;425425;5643
MGNT;D;201230;0;5670;5714;5635;5685.5;424833;5685.5
MGNT;D;210104;0;5700;5784.5;5700;5744;389580;5744
MGNT;D;210105;0;5749;5770;5688.5;5762.5;523336;5762.5
MGNT;D;210106;0;5558;5620;5500;5534;748238;5534
MGNT;D;210108;0;5536.5;5590;5439.5;5478;685315;5478
MGNT;D;210111;0;5462;5546;5410;5484.5;381305;5484.5
MGNT;D;210112;0;5484;5541;5425;5450.5;384309;5450.5
MGNT;D;210113;0;5451.5;5473.5;5351;5410;292518;5410
MGNT;D;210114;0;5403;5423;5345;5375.5;284274;5375.5
MGNT;D;210115;0;5370;5373;5150;5210;1082136;5210
MGNT;D;210118;0;5209.5;5254;5143.5;5219;558907;5219
MGNT;D;210119;0;5232.5;5254;5134.5;5183.5;443464;5183.5
MGNT;D;210120;0;5188.5;5220;5125;5161.5;496304;5161.5
MGNT;D;210121;0;5170;5192.5;5045.5;5060;553023;5060
MGNT;D;210122;0;5054;5054;4918;4991;706032;4991
MGNT;D;210125;0;4984.5;5175;4983.5;5168.5;751937;5168.5
MGNT;D;210126;0;5147;5211;5125.5;5175;461057;5175
MGNT;D;210127;0;5180;5187;5070;5087.5;406595;5087.5
MGNT;D;210128;0;5049.5;5071;4981;5060;394757;5060
MGNT;D;210129;0;5031.5;5045;4900.5;4924;551594;4924
MGNT;D;210201;0;4941.5;5017;4865;4948.5;490220;4948.5
MGNT;D;210202;0;4949;5096.5;4949;5014.5;716539;5014.5
MGNT;D;210203;0;5013.5;5081.5;4987.5;5048.5;394810;5048.5
MGNT;D;210204;0;5055.5;5160;5005;5062.5;731022;5062.5
MGNT;D;210205;0;5082;5097;4953;4996;511451;4996
MGNT;D;210208;0;5013;5117;5005;5107.5;554832;5107.5
MGNT;D;210209;0;5112;5298.5;5110;5273;870072;5273
MGNT;D;210210;0;5295.5;5312;5125.5;5197;542689;5197
MGNT;D;210211;0;5177;5196.5;5090;5117.5;496228;5117.5
MGNT;D;210212;0;5100;5174;5036;5169;493207;5169
MGNT;D;210215;0;5187;5289;5186.5;5280;556501;5280
MGNT;D;210216;0;5285;5336;5271.5;5297.5;473145;5297.5
MGNT;D;210217;0;5300.5;5320;5211;5260;538090;5260
MGNT;D;210218;0;5244.5;5269;5076;5155.5;762248;5155.5
MGNT;D;210219;0;5160;5196;5110.5;5172.5;383471;5172.5
MGNT;D;210220;0;5155;5169;5125;5149.5;33555;5149.5
MGNT;D;210222;0;5161.5;5169.5;5055;5098;271104;5098
MGNT;D;210224;0;5091;5092.5;4957;5008;546134;5008
MGNT;D;210225;0;4998;5027;4889.5;4919.5;713489;4919.5
MGNT;D;210226;0;4900.5;4974.5;4872.5;4929;458905;4929
MGNT;D;210301;0;4957;4974.5;4916.5;4970.5;345421;4970.5
MGNT;D;210302;0;4965;5080;4938;5068.5;393648;5068.5
MGNT;D;210303;0;5080;5130.5;5016;5030;466695;5030
MGNT;D;210304;0;5035.5;5059;4953;4965.5;315202;4965.5
MGNT;D;210305;0;4983;5059.5;4906.5;5010;569971;5010
MGNT;D;210309;0;5024.5;5044.5;4936;4980.5;515133;4980.5
MGNT;D;210310;0;4975;5125;4966.5;5070;366323;5070
MGNT;D;210311;0;5089.5;5104;5031;5096.5;254304;5096.5
MGNT;D;210312;0;5100;5135.5;5074.5;5135.5;293522;5135.5
MGNT;D;210315;0;5149;5217.5;5142;5217.5;394556;5217.5
MGNT;D;210316;0;5207;5209.5;5132.5;5170.5;306942;5170.5
MGNT;D;210317;0;5195;5309;5170;5274.5;583209;5274.5
MGNT;D;210318;0;5283.5;5463.5;5275;5362;915441;5362
MGNT;D;210319;0;5375.5;5494;5301;5428.5;828789;5428.5
MGNT;D;210322;0;5435;5515;5374;5409;396221;5409
MGNT;D;210323;0;5400;5446.5;5282.5;5300.5;446257;5300.5
MGNT;D;210324;0;5318;5423;5308;5354.5;351371;5354.5
MGNT;D;210325;0;5370.5;5397;5250;5294.5;254876;5294.5
MGNT;D;210326;0;5301;5365;5289.5;5348;223178;5348
MGNT;D;210329;0;5314.5;5354;5256;5300;374734;5300
MGNT;D;210330;0;5332;5332;5281;5281;129101;5281
MGNT;D;210331;0;5282.5;5384;5268;5344.5;281065;5344.5
MGNT;D;210401;0;5357;5375.5;5270;5293.5;262969;5293.5
MGNT;D;210402;0;5295.5;5318.5;5273;5301.5;89435;5301.5
MGNT;D;210405;0;5290.5;5297;5202;5254.5;214581;5254.5
MGNT;D;210406;0;5259;5273.5;5096;5110.5;441607;5110.5
MGNT;D;210407;0;5114;5147;5040;5080;523524;5080
MGNT;D;210408;0;5080.5;5149;5033.5;5099;333972;5099
MGNT;D;210409;0;5107;5159;5060;5135;335742;5135
MGNT;D;210412;0;5147;5214.5;5125;5180;210750;5180
MGNT;D;210413;0;5181;5188.5;5086.5;5134.5;402712;5134.5
MGNT;D;210414;0;5137;5146;5070.5;5095;319263;5095
MGNT;D;210415;0;5073.5;5132;5046;5111.5;287983;5111.5
MGNT;D;210416;0;5135;5141.5;5083;5111.5;242272;5111.5
MGNT;D;210419;0;5117;5139;5081;5095.5;170630;5095.5
MGNT;D;210420;0;5102;5116.5;5054;5086;274908;5086
MGNT;D;210421;0;5077.5;5156.5;5071;5140;298355;5140
MGNT;D;210422;0;5129.5;5200;5100;5153.5;512716;5153.5
MGNT;D;210423;0;5153.5;5302.5;5130;5258;656956;5258
MGNT;D;210426;0;5306;5349;5255;5277;368435;5277
MGNT;D;210427;0;5283.5;5334;5215;5255;315832;5255
MGNT;D;210428;0;5255;5273.5;5166;5226;218274;5226
MGNT;D;210429;0;5231;5265;5083;5113.5;366747;5113.5
MGNT;D;210430;0;5116.5;5137;5070;5119;293771;5119
MGNT;D;210504;0;5135;5208.5;5131.5;5195;301887;5195
MGNT;D;210505;0;5200.5;5254.5;5144.5;5211;401030;5211
MGNT;D;210506;0;5215;5218;5135;5170;293274;5170
MGNT;D;210507;0;5167.5;5170;5093;5129.5;272200;5129.5
MGNT;D;210510;0;5127.5;5135;5065;5091.5;352679;5091.5
MGNT;D;210511;0;5090;5171.5;5081;5156;350973;5156
MGNT;D;210512;0;5145;5158;5065.5;5099.5;479750;5099.5
MGNT;D;210513;0;5099;5154;5089.5;5122;319780;5122
MGNT;D;210514;0;5122.5;5203;5122.5;5155.5;279172;5155.5
MGNT;D;210517;0;5155;5200;5103.5;5149.5;232862;5149.5
MGNT;D;210518;0;5164.5;5395;5153;5256;2440178;5256
MGNT;D;210519;0;5260.5;5301;5151;5226.5;516892;5226.5
MGNT;D;210520;0;5232;5241.5;5141.5;5161;335771;5161
MGNT;D;210521;0;5163;5315;5163;5300.5;591373;5300.5
MGNT;D;210524;0;5317;5345;5265.5;5282;296527;5282
MGNT;D;210525;0;5279.5;5348;5255.5;5331;283530;5331
MGNT;D;210526;0;5330.5;5410;5317;5346.5;357235;5346.5
MGNT;D;210527;0;5330;5385;5300;5362;354701;5362
MGNT;D;210528;0;5378;5433;5361.5;5409.5;335283;5409.5
MGNT;D;210531;0;5420;5474.5;5420;5460.5;243315;5460.5
MGNT;D;210601;0;5480;5524.5;5442;5469.5;402900;5469.5
MGNT;D;210602;0;5476;5500;5432;5471.5;257450;5471.5
MGNT;D;210603;0;5466.5;5502;5439;5459;299888;5459
MGNT;D;210604;0;5476.5;5476.5;5382.5;5445;321749;5445
MGNT;D;210607;0;5445;5471;5390.5;5417;240113;5417
MGNT;D;210608;0;5430.5;5452.5;5338.5;5396;325771;5396
MGNT;D;210609;0;5400;5403;5345;5384.5;194043;5384.5
MGNT;D;210610;0;5385;5398.5;5315;5379.5;295036;5379.5
MGNT;D;210611;0;5384.5;5459.5;5345;5405;430067;5405
MGNT;D;210614;0;5394;5460;5392.5;5449;235351;5449
MGNT;D;210615;0;5455;5499;5422.5;5457.5;354744;5457.5
MGNT;D;210616;0;5460;5505;5451;5486;494842;5486
MGNT;D;210617;0;5466.5;5568.5;5462;5559;506767;5559
MGNT;D;210618;0;5555.5;5685;5460;5605;685824;5605
MGNT;D;210621;0;5595;5670;5586;5650;510133;5650
MGNT;D;210622;0;5675;5686.5;5585.5;5606;517615;5606
MGNT;D;210623;0;5607;5628;5550;5569;732605;5569
MGNT;D;210624;0;5323;5363;5275;5319.5;602009;5319.5
MGNT;D;210625;0;5323;5335.5;5290;5324.5;181667;5324.5
MGNT;D;210628;0;5314.5;5339;5296;5302.5;267538;5302.5
MGNT;D;210629;0;5284.5;5371.5;5270;5324;233777;5324
MGNT;D;210630;0;5353;5355;5280;5301;247627;5301
MGNT;D;210701;0;5290;5324;5271;5282.5;174350;5282.5
MGNT;D;210702;0;5288.5;5303;5225.5;5250;300406;5250
MGNT;D;210705;0;5261;5283;5221;5232;196005;5232
MGNT;D;210706;0;5230;5311;5202;5241;371745;5241
MGNT;D;210707;0;5264.5;5328;5239.5;5310;303941;5310
MGNT;D;210708;0;5310;5357.5;5245;5344;307485;5344
MGNT;D;210709;0;5352;5368;5302;5322.5;237858;5322.5
MGNT;D;210712;0;5329.5;5370;5320;5365;136407;5365
MGNT;D;210713;0;5369;5417.5;5344.5;5416.5;323005;5416.5
MGNT;D;210714;0;5423;5425;5382.5;5385;189647;5385
MGNT;D;210715;0;5385;5437.5;5287.5;5308;326007;5308
MGNT;D;210716;0;5308;5335;5205;5235;295663;5235
MGNT;D;210719;0;5214;5237;5055.5;5099;402003;5099
MGNT;D;210720;0;5109.5;5133;5067.5;5096.5;174190;5096.5
MGNT;D;210721;0;5110;5149;5080;5142;151683;5142
MGNT;D;210722;0;5152;5159.5;5071;5128;218313;5128
MGNT;D;210723;0;5136.5;5168;5104;5130;183417;5130
MGNT;D;210726;0;5119;5215;5097;5215;279104;5215
MGNT;D;210727;0;5225;5247.5;5155.5;5198.5;255886;5198.5
MGNT;D;210728;0;5209.5;5278.5;5200;5265;235611;5265
MGNT;D;210729;0;5307.5;5375;5261;5347;292396;5347
MGNT;D;210730;0;5340;5399.5;5326.5;5337;346837;5337
MGNT;D;210802;0;5361;5376;5306;5321;216911;5321
MGNT;D;210803;0;5344;5395;5324;5383;234165;5383
MGNT;D;210804;0;5398;5456;5386.5;5415;297281;5415
MGNT;D;210805;0;5415;5515;5404.5;5489.5;506706;5489.5
MGNT;D;210806;0;5496;5510;5455;5458.5;185302;5458.5
MGNT;D;210809;0;5452;5494.5;5416;5457;278355;5457
MGNT;D;210810;0;5468;5484.5;5432.5;5458;304453;5458
MGNT;D;210811;0;5468.5;5507;5440;5465;240920;5465
MGNT;D;210812;0;5474.5;5545;5453.5;5537.5;444306;5537.5
MGNT;D;210813;0;5546;5611;5433;5504.5;837796;5504.5
MGNT;D;210816;0;5463.5;5487;5380;5466;346230;5466
MGNT;D;210817;0;5471.5;5568;5471.5;5523.5;303759;5523.5
MGNT;D;210818;0;5530;5620;5518;5555;269970;5555
MGNT;D;210819;0;5540;5598;5514;5573;275808;5573
MGNT;D;210820;0;5570.5;5584.5;5530;5532;100666;5532
MGNT;D;210823;0;5561.5;5584;5527.5;5545;160716;5545
MGNT;D;210824;0;5558.5;5638;5553;5634;374893;5634
MGNT;D;210825;0;5634;5650;5574.5;5583;270661;5583
MGNT;D;210826;0;5580.5;5633.5;5551;5619;217540;5619
MGNT;D;210827;0;5620.5;5636;5584;5601;224469;5601
MGNT;D;210830;0;5601;5623.5;5544;5591;230782;5591
MGNT;D;210831;0;5599.5;5634;5530;5539.5;262975;5539.5
MGNT;D;210901;0;5539.5;5584.5;5501;5547.5;205833;5547.5
MGNT;D;210902;0;5548;5581.5;5481;5565.5;189545;5565.5
MGNT;D;210903;0;5569;5592;5452;5517.5;240189;5517.5
MGNT;D;210906;0;5498;5514.5;5429;5440;195071;5440
MGNT;D;210907;0;5452.5;5461.5;5320;5337;412383;5337
MGNT;D;210908;0;5330;5474;5324;5452.5;331764;5452.5
MGNT;D;210909;0;5452.5;5453.5;5301;5323;265004;5323
MGNT;D;210910;0;5340;5353.5;5252;5318.5;326991;5318.5
MGNT;D;210913;0;5300;5454.5;5291;5434.5;360378;5434.5
MGNT;D;210914;0;5445;5467;5370;5378;249237;5378
MGNT;D;210915;0;5385;5512.5;5378;5501.5;403860;5501.5
MGNT;D;210916;0;5505;5732;5505;5714.5;1188324;5714.5
MGNT;D;210917;0;5696;5750;5649;5727.5;521584;5727.5
MGNT;D;210920;0;5719;5720.5;5593;5630.5;368610;5630.5
MGNT;D;210921;0;5646;5700;5615.5;5623.5;194654;5623.5
MGNT;D;210922;0;5626.5;5667.5;5626.5;5655.5;87420;5655.5
MGNT;D;210923;0;5652;5994.5;5652;5941;976309;5941
MGNT;D;210924;0;5941;6015;5890;5944.5;583140;5944.5
MGNT;D;210927;0;5972;5982;5842.5;5954.5;606852;5954.5
MGNT;D;210928;0;5980;6055;5850.5;5906.5;639806;5906.5
MGNT;D;210929;0;5906;6049;5905;6027.5;378680;6027.5
MGNT;D;210930;0;6052.5;6131.5;5988;6060;505189;6060
MGNT;D;211001;0;6029.5;6080.5;5976.5;6014;214834;6014
MGNT;D;211004;0;6022;6056.5;5928.5;5985.5;316715;5985.5
MGNT;D;211005;0;5980;6280;5976;6245;452877;6245
MGNT;D;211006;0;6275;6289;6162;6240.5;360967;6240.5
MGNT;D;211007;0;6250;6377;6215.5;6339.5;448205;6339.5
MGNT;D;211008;0;6341.5;6408;6280.5;6300;222182;6300
MGNT;D;211011;0;6310;6365;6272.5;6350;125948;6350
MGNT;D;211012;0;6350;6495;6320.5;6475.5;338364;6475.5
MGNT;D;211013;0;6485;6488.5;6285;6401;227631;6401
MGNT;D;211014;0;6416.5;6446;6342;6358;190400;6358
MGNT;D;211015;0;6351;6354;6218.5;6270.5;263248;6270.5
MGNT;D;211018;0;6252.5;6330.5;6196;6270;186301;6270
MGNT;D;211019;0;6284;6375;6271;6361;201730;6361
MGNT;D;211020;0;6361;6384;6244;6307.5;326123;6307.5
MGNT;D;211021;0;6296.5;6306.5;6144.5;6158;230635;6158
MGNT;D;211022;0;6166;6419;6142;6315.5;484507;6315.5
MGNT;D;211025;0;6320;6480;6283.5;6465;331991;6465
MGNT;D;211026;0;6469;6613.5;6414.5;6570.5;445598;6570.5
MGNT;D;211027;0;6594;6704;6507.5;6668;443068;6668
MGNT;D;211028;0;6668;6741;6551.5;6635;339861;6635
MGNT;D;211029;0;6620;6627;6435.5;6472;329842;6472
MGNT;D;211101;0;6507.5;6565;6430;6536;198637;6536
MGNT;D;211102;0;6552.5;6695;6504.5;6656;258281;6656
MGNT;D;211103;0;6667;6723.5;6570.5;6712;284798;6712
MGNT;D;211105;0;6713;6842;6623;6793.5;418598;6793.5
MGNT;D;211108;0;6807;6972;6791.5;6859.5;361677;6859.5
MGNT;D;211109;0;6879;7011.5;6680;6729.5;507463;6729.5
MGNT;D;211110;0;6731;6731;6583;6594;489789;6594
MGNT;D;211111;0;6619.5;6796;6470;6779;513124;6779
MGNT;D;211112;0;6794.5;6822;6492;6568.5;705952;6568.5
MGNT;D;211115;0;6575;6640;6443.5;6499.5;396228;6499.5
MGNT;D;211116;0;6500;6590;6460.5;6551;304438;6551
MGNT;D;211117;0;6557;6557;6315.5;6405;406460;6405
MGNT;D;211118;0;6387.5;6427;5938;5945.5;898753;5945.5
MGNT;D;211119;0;5945.5;6219.5;5796.5;6014;2349502;6014
MGNT;D;211122;0;6015.5;6100;5749;5789.5;900867;5789.5
MGNT;D;211123;0;5740.5;5919;5620;5917;742777;5917
MGNT;D;211124;0;5927;5973;5789;5875;535221;5875
MGNT;D;211125;0;5932.5;6081.5;5880;6056;433085;6056
MGNT;D;211126;0;5973.5;5973.5;5740.5;5775.5;544676;5775.5
MGNT;D;211129;0;5832.5;5914;5802;5898.5;425202;5898.5
MGNT;D;211130;0;5860;5978;5698;5733;588733;5733
MGNT;D;211201;0;5754;5889;5728;5768;432481;5768
MGNT;D;211202;0;5780;5824;5736;5789;267767;5789
MGNT;D;211203;0;5803;5823.5;5693.5;5715.5;207500;5715.5
MGNT;D;211206;0;5745;5794;5603;5650;295388;5650
MGNT;D;211207;0;5675;5850;5619.5;5841.5;319388;5841.5
MGNT;D;211208;0;5850;5907;5680;5765;302496;5765
MGNT;D;211209;0;5775;5949.5;5755;5908;376811;5908
MGNT;D;211210;0;5915;5958;5770.5;5822.5;249378;5822.5
MGNT;D;211213;0;5823;5892.5;5600;5637;364303;5637
MGNT;D;211214;0;5637;5731.5;5264.5;5670;415271;5670
MGNT;D;211215;0;5688.5;5728.5;5580;5700;318723;5700
MGNT;D;211216;0;5700;5846;5683.5;5752;557711;5752
MGNT;D;211217;0;5759.5;5776.5;5611.5;5674.5;346340;5674.5
MGNT;D;211220;0;5657.5;5658.5;5492.5;5533.5;279999;5533.5
MGNT;D;211221;0;5559.5;5600;5483;5521.5;327690;5521.5
MGNT;D;211222;0;5541.5;5598;5501.5;5551;311777;5551
MGNT;D;211223;0;5551.5;5612;5505;5538.5;320871;5538.5
MGNT;D;211224;0;5543.5;5629;5505;5592.5;175935;5592.5
MGNT;D;211227;0;5612.5;5685;5600;5665.5;359711;5665.5
MGNT;D;211228;0;5670;5679.5;5602;5658;500337;5658
MGNT;D;211229;0;5401;5466.5;5378;5446;470799;5446
MGNT;D;211230;0;5445;5488;5409;5444;270527;5444
MGNT;D;220103;0;5461.5;5549;5440.5;5509.5;188883;5509.5
MGNT;D;220104;0;5509.5;5578;5493.5;5565;215745;5565
MGNT;D;220105;0;5570;5602.5;5370;5399;202620;5399
MGNT;D;220106;0;5390;5555;5360;5535;215082;5535
MGNT;D;220110;0;5538;5584.5;5424;5473;231465;5473
MGNT;D;220111;0;5475;5563;5460;5505.5;188782;5505.5
MGNT;D;220112;0;5529;5642.5;5480;5623;355621;5623
MGNT;D;220113;0;5609;5640;5250;5330;667823;5330
MGNT;D;220114;0;5353.5;5399;5106;5235.5;839771;5235.5
MGNT;D;220117;0;5235;5297;5141.5;5185.5;500397;5185.5
MGNT;D;220118;0;5206;5226.5;4770;4973;860969;4973
MGNT;D;220119;0;5000;5149.5;4791.5;5040;750621;5040
MGNT;D;220120;0;5042.5;5175;4982;4991;437643;4991
MGNT;D;220121;0;4980;5137.5;4921.5;5046.5;549929;5046.5
MGNT;D;220124;0;5060;5090;4667;4823.5;900705;4823.5
MGNT;D;220125;0;4823.5;4909;4651;4895;619959;4895
MGNT;D;220126;0;4897;4924;4733;4768.5;508943;4768.5
MGNT;D;220127;0;4736;4997.5;4714.5;4883.5;668361;4883.5
MGNT;D;220128;0;4890;4968;4816.5;4904;467413;4904
MGNT;D;220131;0;4931;5079;4921.5;5079;287546;5079
MGNT;D;220201;0;5079;5117;5012;5114;390602;5114
MGNT;D;220202;0;5115;5225;5106;5200;378878;5200
MGNT;D;220203;0;5200;5278;5125;5187;556896;5187
MGNT;D;220204;0;5195;5384.5;5176;5285;740012;5285
MGNT;D;220207;0;5300.5;5357;5153;5210;368050;5210
MGNT;D;220208;0;5216.5;5229;5164.5;5182;407416;5182
MGNT;D;220209;0;5194;5276.5;5182.5;5254;436568;5254
MGNT;D;220210;0;5265;5269;5197;5227.5;310998;5227.5
MGNT;D;220211;0;5220;5224;4925.5;4971.5;595991;4971.5
MGNT;D;220214;0;4964.5;5045.5;4770;4956.5;542386;4956.5
MGNT;D;220215;0;4975;5260.5;4971.5;5239;480608;5239
MGNT;D;220216;0;5260;5450;5191;5395;529553;5395
MGNT;D;220217;0;5395;5402.5;5187;5224.5;567731;5224.5
MGNT;D;220218;0;5220.5;5284.5;4996;5041.5;572652;5041.5
MGNT;D;220221;0;5041;5186;4021;4240;1586697;4240
MGNT;D;220222;0;4180;4660;4000.5;4600;1540082;4600
MGNT;D;220224;0;4025;4300;2414;3312;1561177;3312
MGNT;D;220225;0;3236;3840;3100;3202;1257392;3202
MGNT;D;220324;0;3202;4100;3200;3457.5;575283;3457.5
MGNT;D;220325;0;3611;3780;3286.5;3338;238079;3338
MGNT;D;220328;0;3414.5;3490;3330;3337.5;122271;3337.5
MGNT;D;220329;0;3351;3669;3330;3405.5;270307;3405.5
MGNT;D;220330;0;3600.5;3855;3450;3855;206118;3855
MGNT;D;220331;0;3920;4272;3884;4155;315835;4155
MGNT;D;220401;0;4185;4429;4155;4220;259172;4220
MGNT;D;220404;0;4370;4395;4201;4273.5;141116;4273.5
MGNT;D;220405;0;4299.5;4300;3901;4098;121289;4098
MGNT;D;220406;0;4087;4195;3950;4120;102927;4120
MGNT;D;220407;0;4120.5;4250;4120;4247;96710;4247
MGNT;D;220408;0;4251;4422;4222;4335;209714;4335
MGNT;D;220411;0;4367;4405;4250;4310;95052;4310
MGNT;D;220412;0;4316.5;4420;4251.5;4297.5;176142;4297.5
MGNT;D;220413;0;4299;4340;4216;4256.5;65483;4256.5
MGNT;D;220414;0;4256.5;4262.5;3980;4017;127874;4017
MGNT;D;220415;0;4020;4145;3902;4070.5;89798;4070.5
MGNT;D;220418;0;4109;4156.5;3963;4000;84321;4000
MGNT;D;220419;0;4000;4038.5;3850;4038;136758;4038
MGNT;D;220420;0;4054;4300;3962.5;4300;95466;4300
MGNT;D;220421;0;4241;4273.5;4055.5;4197.5;160577;4197.5
MGNT;D;220422;0;4163;4330;4137;4170;357421;4170
MGNT;D;220425;0;4163;4318.5;4075;4299.5;94345;4299.5
MGNT;D;220426;0;4335.5;4460;4332;4460;159269;4460
MGNT;D;220427;0;4470.5;4761;4450.5;4720;234941;4720
MGNT;D;220428;0;4760;4939;4443;4566.5;296331;4566.5
MGNT;D;220429;0;4580.5;4700;4355;4592.5;257475;4592.5
MGNT;D;220504;0;4611;4796.5;4506;4651;142302;4651
MGNT;D;220505;0;4681;4792;4670;4741;81292;4741
MGNT;D;220506;0;4770;4784.5;4662.5;4750;58612;4750
MGNT;D;220511;0;4759;4826;4680;4805;95713;4805
MGNT;D;220512;0;4770.5;4898;4690;4720;129648;4720
MGNT;D;220513;0;4740;4790;4608.5;4637;64815;4637
MGNT;D;220516;0;4660;4825;4651;4790.5;74639;4790.5
MGNT;D;220517;0;4846;4875;4790.5;4828.5;63640;4828.5
MGNT;D;220518;0;4840.5;4923.5;4833;4890;70638;4890
MGNT;D;220519;0;4895;4904.5;4792;4885;101134;4885
MGNT;D;220520;0;4883.5;4884;4610;4620;85233;4620
MGNT;D;220523;0;4658.5;4686.5;4412;4475.5;76594;4475.5
MGNT;D;220524;0;4462.5;4474;4259;4350;84749;4350
MGNT;D;220525;0;4349;4576;4348;4576;65082;4576
MGNT;D;220526;0;4579;4690;4550;4610;92338;4610
MGNT;D;220527;0;4610;4632;4470;4520;63091;4520
MGNT;D;220530;0;4522;4622;4364;4622;78455;4622
MGNT;D;220531;0;4605;4690.5;4515.5;4640;104875;4640
MGNT;D;220601;0;4637.5;4637.5;4512.5;4586.5;65806;4586.5
MGNT;D;220602;0;4565;4575;4380;4448;63262;4448
MGNT;D;220603;0;4451;4452;4261;4382;91790;4382
MGNT;D;220606;0;4362;4374.5;4200.5;4223.5;94818;4223.5
MGNT;D;220607;0;4223.5;4463;4120;4420;199361;4420
MGNT;D;220608;0;4430;4488;4280.5;4338;123772;4338
MGNT;D;220609;0;4323;4324.5;4219;4300;75202;4300
MGNT;D;220610;0;4298;4331;4185;4241;103710;4241
MGNT;D;220614;0;4210;4237.5;4160;4200;58784;4200
MGNT;D;220615;0;4197.5;4300;4150;4257;132469;4257
MGNT;D;220616;0;4298.5;4399.5;4261.5;4393;126608;4393
MGNT;D;220617;0;4383;4399.5;4295;4319;72114;4319
MGNT;D;220620;0;4310;4370;4287.5;4370;66105;4370
MGNT;D;220621;0;4360;4365;4250;4365;83015;4365
MGNT;D;220622;0;4355;4474;4275;4458;174144;4458
MGNT;D;220623;0;4460;4469;4315;4405;145039;4405
MGNT;D;220624;0;4399.5;4420;4247;4359;130128;4359
MGNT;D;220627;0;4345;4360;4294;4360;57987;4360
MGNT;D;220628;0;4347.5;4360;4297;4327;105275;4327
MGNT;D;220629;0;4326;4359;4271;4316;69040;4316
MGNT;D;220630;0;4302;4347.5;4192.5;4238;176948;4238
MGNT;D;220701;0;4251;4312;4155;4155;74895;4155
MGNT;D;220704;0;4225;4275;4155;4198;77029;4198
MGNT;D;220705;0;4199.5;4314;4172.5;4314;95055;4314
MGNT;D;220706;0;4300;4360;4280;4306;109281;4306
MGNT;D;220707;0;4312.5;4458;4300.5;4420;206506;4420
MGNT;D;220708;0;4420;4448;4359;4439;75406;4439
MGNT;D;220711;0;4427;4429.5;4282.5;4385;66586;4385
MGNT;D;220712;0;4315;4369.5;4250;4300;78231;4300
MGNT;D;220713;0;4311.5;4328;4250;4255.5;83849;4255.5
MGNT;D;220714;0;4270.5;4285.5;4182.5;4228;69013;4228
MGNT;D;220715;0;4230;4380;4200;4380;104709;4380
MGNT;D;220718;0;4378.5;4425;4308;4382;100268;4382
MGNT;D;220719;0;4383;4394.5;4225;4355;105785;4355
MGNT;D;220720;0;4351;4370.5;4271.5;4315;56003;4315
MGNT;D;220721;0;4333.5;4333.5;4234.5;4251;49505;4251
MGNT;D;220722;0;4248.5;4345;4240.5;4341;75012;4341
MGNT;D;220725;0;4342.5;4390;4317;4345;61994;4345
MGNT;D;220726;0;4355;4520;4351;4512;156672;4512
MGNT;D;220727;0;4521.5;4638;4521;4630;166429;4630
MGNT;D;220728;0;4698;4782;4630;4765.5;372654;4765.5
MGNT;D;220729;0;4771;4889;4716;4889;251989;4889
MGNT;D;220801;0;4881;4881;4765.5;4800;251631;4800
MGNT;D;220802;0;4796;4885;4720;4813;209687;4813
MGNT;D;220803;0;4813;4948;4808.5;4910;259468;4910
MGNT;D;220804;0;4910;4975;4856.5;4883;329501;4883
MGNT;D;220805;0;4860.5;4880;4738;4799.5;245088;4799.5
MGNT;D;220808;0;4855.5;4948.5;4835;4880;120183;4880
MGNT;D;220809;0;4890;5059;4852.5;5032.5;294820;5032.5
MGNT;D;220810;0;5036;5088.5;5000.5;5024;119764;5024
MGNT;D;220811;0;5015;5069;4950;5002.5;88843;5002.5
MGNT;D;220812;0;5004;5139.5;4977.5;5134;98943;5134
MGNT;D;220815;0;5145;5186.5;5063;5159.5;133346;5159.5
MGNT;D;220816;0;5160;5177;5102;5177;78902;5177
MGNT;D;220817;0;5162.5;5300;5151;5270;196192;5270
MGNT;D;220818;0;5275;5354;5250;5350;125583;5350
MGNT;D;220819;0;5359.5;5359.5;5174;5245;387281;5245
MGNT;D;220822;0;5243;5334.5;5196;5302;154022;5302
MGNT;D;220823;0;5302;5331;5254;5319;120641;5319
MGNT;D;220824;0;5317;5393;5281;5393;145640;5393
MGNT;D;220825;0;5384;5450;5382.5;5440;123671;5440
MGNT;D;220826;0;5430;5469;5382.5;5459.5;75001;5459.5
MGNT;D;220829;0;5438.5;5459;5418;5450;68008;5450
MGNT;D;220830;0;5449;5450;5420.5;5450;70808;5450
MGNT;D;220831;0;5441.5;5509;5350;5490.5;160940;5490.5
MGNT;D;220901;0;5478;5490;5392;5399;96097;5399
MGNT;D;220902;0;5439.5;5485.5;5406.5;5485.5;68246;5485.5
MGNT;D;220905;0;5485.5;5600;5451;5600;87261;5600
MGNT;D;220906;0;5593;5597.5;5510;5510;146777;5510
MGNT;D;220907;0;5503;5544.5;5455.5;5490;86538;5490
MGNT;D;220908;0;5480;5490;5433;5433;94662;5433
MGNT;D;220909;0;5435;5499;5420.5;5499;59268;5499
MGNT;D;220912;0;5494.5;5630.5;5464;5575;122114;5575
MGNT;D;220913;0;5578;5629;5545.5;5594;106566;5594
MGNT;D;220914;0;5575.5;5593;5457.5;5558;133189;5558
MGNT;D;220915;0;5558;5570;5480;5555.5;142117;5555.5
MGNT;D;220916;0;5541;5620;5527.5;5582;100479;5582
MGNT;D;220919;0;5549;5570;5480;5505;72840;5505
MGNT;D;220920;0;5515;5515;5101;5222.5;473697;5222.5
MGNT;D;220921;0;4892.5;5100;4850;4904.5;316196;4904.5
MGNT;D;220922;0;4907.5;5085;4907.5;5015;185639;5015
MGNT;D;220923;0;5020;5055;4700;4889;270940;4889
MGNT;D;220926;0;4815;4866;4380;4474;335384;4474
MGNT;D;220927;0;4519;4650;4306.5;4481.5;205876;4481.5
MGNT;D;220928;0;4465.5;4780;4400;4750;170181;4750
MGNT;D;220929;0;4732;4732.5;4421;4537.5;181314;4537.5
MGNT;D;220930;0;4521;4745;4355;4722;222311;4722
MGNT;D;221003;0;4740;5030;4633;5008;265789;5008
MGNT;D;221004;0;4999;5019.5;4843;4906.5;158778;4906.5
MGNT;D;221005;0;4900;4907;4740;4784.5;235135;4784.5
MGNT;D;221006;0;4802;4846.5;4711;4719.5;107996;4719.5
MGNT;D;221007;0;4719;4719;4530;4546;118469;4546
MGNT;D;221010;0;4393;4690;4352;4645;165985;4645
MGNT;D;221011;0;4690;4849;4668.5;4838;173253;4838
MGNT;D;221012;0;4866.5;4910;4710;4772;132535;4772
MGNT;D;221013;0;4800;4804;4731;4772.5;82993;4772.5
MGNT;D;221014;0;4780;4845;4760.5;4810;93428;4810
MGNT;D;221017;0;4848;5064.5;4818.5;5060.5;199643;5060.5
MGNT;D;221018;0;5067;5124.5;4890;4918.5;156334;4918.5
MGNT;D;221019;0;4891;4999;4820;4961;212577;4961
MGNT;D;221020;0;4977;5058.5;4961.5;5011.5;114379;5011.5
MGNT;D;221021;0;5015;5188;4971;5164;132984;5164
MGNT;D;221024;0;5177;5256;5121;5196.5;107273;5196.5
MGNT;D;221025;0;5204.5;5350;5167;5315;153740;5315
MGNT;D;221026;0;5330;5369.5;5130;5270;160025;5270
MGNT;D;221027;0;5300;5320;5182.5;5247;198189;5247
MGNT;D;221028;0;5235;5291.5;5180;5269;132419;5269
MGNT;D;221031;0;5280;5302;5208;5237;92502;5237
MGNT;D;221101;0;5253;5265;5190;5249.5;75142;5249.5
MGNT;D;221102;0;5239.5;5270;5030;5170;87739;5170
MGNT;D;221103;0;5164;5196;5100;5183;90053;5183
MGNT;D;221107;0;5205.5;5259;5160;5208.5;127804;5208.5
MGNT;D;221108;0;5203.5;5203.5;5105;5165;159904;5165
MGNT;D;221109;0;5170;5170;5000;5027.5;156735;5027.5
MGNT;D;221110;0;5043;5059.5;4927;5031.5;215778;5031.5
MGNT;D;221111;0;5048.5;5050;4966.5;5005;114241;5005
MGNT;D;221114;0;5010;5049.5;4952;4974.5;124731;4974.5
MGNT;D;221115;0;4983;5025;4735;4888;368161;4888
MGNT;D;221116;0;4913;4970;4894.5;4945.5;130186;4945.5
MGNT;D;221117;0;4948.5;5090;4936;5011.5;314102;5011.5
MGNT;D;221118;0;5018.5;5024.5;4870;4918.5;283754;4918.5
MGNT;D;221121;0;4910;4920;4809;4856;168577;4856
MGNT;D;221122;0;4861;4911.5;4846;4869;90159;4869
MGNT;D;221123;0;4871;4898;4826;4879.5;69894;4879.5
MGNT;D;221124;0;4885;4942;4869;4893;101932;4893
MGNT;D;221125;0;4893.5;4912;4830;4849;88984;4849
MGNT;D;221128;0;4835;4875;4811;4844;84337;4844
MGNT;D;221129;0;4863.5;4871.5;4766;4819;137682;4819
MGNT;D;221130;0;4826;4828.5;4790;4827;51983;4827
MGNT;D;221201;0;4835.5;4840;4751;4777;130411;4777
MGNT;D;221202;0;4777;4777;4663;4667;364597;4667
MGNT;D;221205;0;4669.5;4670;4552;4587;485622;4587
MGNT;D;221206;0;4593;4597;4450.5;4475.5;739505;4475.5
MGNT;D;221207;0;4476;4567.5;4440.5;4492.5;684884;4492.5
MGNT;D;221208;0;4507.5;4508.5;4421;4464;312575;4464
MGNT;D;221209;0;4462.5;4494;4431;4446;175946;4446
MGNT;D;221212;0;4467;4563;4453;4560;458586;4560
MGNT;D;221213;0;4570.5;4600;4470;4529.5;482763;4529.5
MGNT;D;221214;0;4524;4525;4447;4454.5;278267;4454.5
MGNT;D;221215;0;4452.5;4473.5;4353;4382.5;362554;4382.5
MGNT;D;221216;0;4378.5;4429;4370;4386.5;169997;4386.5
MGNT;D;221219;0;4370.5;4381;4257;4260;335143;4260
MGNT;D;221220;0;4249.5;4350;4239;4326;358285;4326
MGNT;D;221221;0;4333;4368.5;4271;4288.5;246666;4288.5
MGNT;D;221222;0;4288.5;4350;4245;4347;226633;4347
MGNT;D;221223;0;4355.5;4394;4296;4315.5;212596;4315.5
MGNT;D;221226;0;4315;4445;4315;4442;259730;4442
MGNT;D;221227;0;4451;4490;4423;4425.5;225482;4425.5
MGNT;D;221228;0;4423;4486.5;4370;4414.5;225615;4414.5
MGNT;D;221229;0;4410.5;4460;4395;4407.5;143035;4407.5
MGNT;D;221230;0;4416;4419;4334;4340.5;253660;4340.5
MGNT;D;230103;0;4360;4378;4340.5;4360.5;91966;4360.5
MGNT;D;230104;0;4369;4383;4350.5;4369;66555;4369
MGNT;D;230105;0;4370.5;4374.5;4308;4325.5;109980;4325.5
MGNT;D;230106;0;4319;4329;4309;4319.5;45348;4319.5
MGNT;D;230109;0;4324.5;4365;4320;4330;130121;4330
MGNT;D;230110;0;4327.5;4378;4312.5;4372.5;142173;4372.5
MGNT;D;230111;0;4378.5;4461;4361;4458;185914;4458
MGNT;D;230112;0;4462.5;4664;4426;4638;818494;4638
MGNT;D;230113;0;4639;4675;4610;4620;359522;4620
MGNT;D;230116;0;4632.5;4688;4612;4674;279833;4674
MGNT;D;230117;0;4678;4726.5;4590;4628;522627;4628
MGNT;D;230118;0;4632.5;4658;4557;4575.5;242449;4575.5
MGNT;D;230119;0;4577;4586;4465;4504.5;337836;4504.5
MGNT;D;230120;0;4528;4577;4509;4575.5;198944;4575.5
MGNT;D;230123;0;4582.5;4647.5;4581;4634.5;154791;4634.5
MGNT;D;230124;0;4642;4676;4567;4586.5;208460;4586.5
MGNT;D;230125;0;4587;4599;4560;4597;85392;4597
MGNT;D;230126;0;4595;4637.5;4579.5;4602;97592;4602
MGNT;D;230127;0;4609;4615;4582.5;4609;78948;4609
MGNT;D;230130;0;4611.5;4663;4601.5;4653.5;140080;4653.5
MGNT;D;230131;0;4656;4685;4651.5;4665;149290;4665
MGNT;D;230201;0;4675.5;4676;4601;4647;159842;4647
MGNT;D;230202;0;4648;4739;4619.5;4694;257608;4694
MGNT;D;230203;0;4702;4707;4625;4665;148739;4665
MGNT;D;230206;0;4674;4748.5;4664;4720;160629;4720
MGNT;D;230207;0;4730;4774;4708.5;4757;156444;4757
MGNT;D;230208;0;4766;4796;4500;4698;331035;4698
MGNT;D;230209;0;4702;4739;4660;4696;119913;4696
MGNT;D;230210;0;4690;4755;4665;4683.5;138874;4683.5
MGNT;D;230213;0;4691.5;4710;4683.5;4689;72382;4689
MGNT;D;230214;0;4687;4702.5;4605;4621;129861;4621
MGNT;D;230215;0;4609.5;4619;4355.5;4432.5;283254;4432.5
MGNT;D;230216;0;4465;4513.5;4382.5;4430;174322;4430
MGNT;D;230217;0;4411.5;4465.5;4392;4447.5;86290;4447.5
MGNT;D;230220;0;4448;4490;4405.5;4481.5;76301;4481.5
MGNT;D;230221;0;4491;4590;4466;4566;133546;4566
MGNT;D;230222;0;4569.5;4579;4508;4549.5;91645;4549.5
MGNT;D;230224;0;4549.5;4596;4545;4559.5;60449;4559.5
MGNT;D;230227;0;4537;4650;4512;4643;105737;4643
MGNT;D;230228;0;4660.5;4677;4571.5;4594;155006;4594
MGNT;D;230301;0;4604;4611.5;4527;4567;312679;4567
MGNT;D;230302;0;4567;4568;4490.5;4524;144749;4524
MGNT;D;230303;0;4521.5;4558.5;4512;4546.5;81957;4546.5
MGNT;D;230306;0;4561;4574;4540.5;4559;89805;4559
MGNT;D;230307;0;4559;4568.5;4520;4553;80678;4553
MGNT;D;230309;0;4554.5;4588;4545.5;4551.5;91693;4551.5
MGNT;D;230310;0;4540.5;4550;4495;4524;142291;4524
MGNT;D;230313;0;4529;4554.5;4500;4527.5;95047;4527.5
MGNT;D;230314;0;4527.5;4554.5;4515;4539.5;101797;4539.5
MGNT;D;230315;0;4543.5;4570;4456;4500;155611;4500
MGNT;D;230316;0;4511.5;4512;4455.5;4492;124163;4492
MGNT;D;230317;0;4492.5;4522;4477;4504;109495;4504
MGNT;D;230320;0;4509;4564;4485;4562.5;260310;4562.5
MGNT;D;230321;0;4564;4596.5;4495;4518;224633;4518
MGNT;D;230322;0;4520.5;4538;4502;4510;78624;4510
MGNT;D;230323;0;4516;4528;4471.5;4491;136175;4491
MGNT;D;230324;0;4490.5;4506;4477;4495;84586;4495
MGNT;D;230327;0;4504;4542;4495;4516;233690;4516
MGNT;D;230328;0;4526.5;4567;4502;4512.5;225086;4512.5
MGNT;D;230329;0;4513;4555;4495;4527.5;244670;4527.5
MGNT;D;230330;0;4528.5;4587.5;4522;4583;177612;4583
MGNT;D;230331;0;4591;4700;4582;4610;656378;4610
MGNT;D;230403;0;4634.5;4672;4550;4582;281753;4582
MGNT;D;230404;0;4584;4624;4555;4565;212000;4565
MGNT;D;230405;0;4577;4577;4512;4554;134549;4554
MGNT;D;230406;0;4561;4586;4552.5;4571.5;106000;4571.5
MGNT;D;230407;0;4572;4592;4562;4574;101656;4574
MGNT;D;230410;0;4579;4628;4579;4624;145355;4624
MGNT;D;230411;0;4626.5;4648.5;4539.5;4552.5;329281;4552.5
MGNT;D;230412;0;4552.5;4590;4526.5;4576.5;170795;4576.5
MGNT;D;230413;0;4579;4605;4530.5;4555;139203;4555
MGNT;D;230414;0;4554;4588.5;4532.5;4575;103384;4575
MGNT;D;230417;0;4623;4678;4590;4677.5;273777;4677.5
MGNT;D;230418;0;4687;4847.5;4678;4844.5;573093;4844.5
MGNT;D;230419;0;4844;4893;4670;4730.5;565748;4730.5
MGNT;D;230420;0;4732;4859.5;4731;4806.5;697439;4806.5
MGNT;D;230421;0;4833.5;4847.5;4785;4808;152110;4808
MGNT;D;230424;0;4827.5;4858;4800.5;4817.5;165896;4817.5
MGNT;D;230425;0;4820;4832;4773.5;4789;125547;4789
MGNT;D;230426;0;4793.5;4817.5;4727;4756.5;188653;4756.5
MGNT;D;230427;0;4756.5;4784.5;4731;4765;149594;4765
MGNT;D;230428;0;4771;4777;4680;4686.5;174536;4686.5
MGNT;D;230502;0;4688.5;4703.5;4562.5;4585.5;333442;4585.5
MGNT;D;230503;0;4595.5;4600;4411;4442;315909;4442
MGNT;D;230504;0;4459.5;4509;4387;4450;216767;4450
MGNT;D;230505;0;4441;4482;4398.5;4422.5;177922;4422.5
MGNT;D;230508;0;4430;4473.5;4412.5;4416;72113;4416
MGNT;D;230510;0;4422.5;4546.5;4417.5;4529.5;168719;4529.5
MGNT;D;230511;0;4538.5;4588;4460;4518;231188;4518
MGNT;D;230512;0;4525;4544.5;4440;4470.5;215810;4470.5
MGNT;D;230515;0;4483;4540;4478;4519.5;160095;4519.5
MGNT;D;230516;0;4537;4659;4524.5;4614;276748;4614
MGNT;D;230517;0;4619.5;4645;4556;4605.5;146027;4605.5
MGNT;D;230518;0;4611;4619;4564;4578.5;117594;4578.5
MGNT;D;230519;0;4579;4648;4558;4619;158047;4619
MGNT;D;230522;0;4640.5;4678.5;4612.5;4631;281571;4631
MGNT;D;230523;0;4629;4652;4406;4419;727692;4419
MGNT;D;230524;0;4315.5;4424.5;4136;4208.5;3385601;4208.5
MGNT;D;230525;0;4187;4194.5;3965;4040;2210037;4040
MGNT;D;230526;0;4039;4178.5;3992;4139;1406805;4139
MGNT;D;230529;0;4151;4166;4044;4121;740016;4121
MGNT;D;230530;0;4170;4284.5;4134.5;4178;1184971;4178
MGNT;D;230531;0;4179.5;4294.5;4087;4293.5;731977;4293.5
MGNT;D;230601;0;4368.5;4390;4310;4370;1026986;4370
MGNT;D;230602;0;4375;4381.5;4285.5;4323.5;576408;4323.5
MGNT;D;230605;0;4335.5;4337;4181;4213.5;518361;4213.5
MGNT;D;230606;0;4211;4262.5;4140;4234.5;407206;4234.5
MGNT;D;230607;0;4248.5;4286;4213;4250.5;324888;4250.5
MGNT;D;230608;0;4238;4289;4220;4260;198827;4260
MGNT;D;230609;0;4260;4267.5;4229;4230;149778;4230
MGNT;D;230613;0;4251;4374;4239.5;4365;379179;4365
MGNT;D;230614;0;4369;4383.5;4320;4351;302432;4351
MGNT;D;230615;0;4356;4540;4321;4513;1289968;4513
MGNT;D;230616;0;4508;4940;4462.5;4896.5;3035341;4896.5
MGNT;D;230619;0;4988.5;5138;4877;4885;2674769;4885
MGNT;D;230620;0;4884.5;4926.5;4818;4898;791101;4898
MGNT;D;230621;0;4901.5;4998;4860;4982.5;584228;4982.5
MGNT;D;230622;0;4981;4993.5;4874.5;4901;414625;4901
MGNT;D;230623;0;4883;4918;4690.5;4725;714717;4725
MGNT;D;230626;0;4831.5;4881;4601.5;4779.5;858636;4779.5
MGNT;D;230627;0;4790;4880;4751;4837.5;370382;4837.5
MGNT;D;230628;0;4837;5194;4806;5190;2681220;5190
MGNT;D;230629;0;5202;5216;5085.5;5133;1218765;5133
MGNT;D;230630;0;5140.5;5178.5;5087.5;5156;580988;5156
MGNT;D;230703;0;5164.5;5356;5152.5;5267;1225712;5267
MGNT;D;230704;0;5279;5312.5;5168;5270;840024;5270
MGNT;D;230705;0;5284;5374.5;5280;5346.5;779390;5346.5
MGNT;D;230706;0;5348;5365;5280;5289;371600;5289
MGNT;D;230707;0;5291;5359;5255;5325;354744;5325
MGNT;D;230710;0;5351;5519.5;5313;5490;789599;5490
MGNT;D;230711;0;5508.5;5617.5;5462;5511;835983;5511
MGNT;D;230712;0;5526.5;5565;5471;5495;358717;5495
MGNT;D;230713;0;5504.5;5533;5451;5487.5;287243;5487.5
MGNT;D;230714;0;5480;5523.5;5461;5506;209465;5506
MGNT;D;230717;0;5485;5588;5457;5563.5;372366;5563.5
MGNT;D;230718;0;5563;5714.5;5550.5;5683;707599;5683
MGNT;D;230719;0;5688.5;5814;5592;5647;752409;5647
MGNT;D;230720;0;5662;5663.5;5490;5496;512736;5496
MGNT;D;230721;0;5494.5;5745;5410;5733;892475;5733
MGNT;D;230724;0;5735.5;5903;5728;5816.5;1077316;5816.5
MGNT;D;230725;0;5830;5945;5805;5900;575970;5900
MGNT;D;230726;0;5916.5;6023;5821.5;5825;1323266;5825
MGNT;D;230727;0;5880;5900;5720.5;5801.5;683341;5801.5
MGNT;D;230728;0;5817.5;5830;5733;5803;331459;5803
MGNT;D;230731;0;5822;5840;5765;5797.5;403783;5797.5
MGNT;D;230801;0;5796;5796;5747;5760.5;343283;5760.5
MGNT;D;230802;0;5758.5;5825;5737.5;5796.5;281391;5796.5
MGNT;D;230803;0;5815;5819.5;5762.5;5808;243048;5808
MGNT;D;230804;0;5810.5;5818.5;5541.5;5657.5;733434;5657.5
MGNT;D;230807;0;5697;5815;5557;5590;681884;5590
MGNT;D;230808;0;5588;5673.5;5475;5666.5;652039;5666.5
MGNT;D;230809;0;5669;5720;5575.5;5607;420244;5607
MGNT;D;230810;0;5614;5860;5561;5718;904234;5718
MGNT;D;230811;0;5734.5;5750;5645;5691;452498;5691
MGNT;D;230814;0;5717;5742.5;5485;5522.5;844084;5522.5
MGNT;D;230815;0;5505;5664;5435;5549.5;523172;5549.5
MGNT;D;230816;0;5555;5585;5400;5500;482405;5500
MGNT;D;230817;0;5520;5596.5;5460;5557;388577;5557
MGNT;D;230818;0;5558;5668;5506;5666;437750;5666
MGNT;D;230821;0;5699.5;5986;5652.5;5918;1356650;5918
MGNT;D;230822;0;5924;5988;5835;5902;774039;5902
MGNT;D;230823;0;5913;5936;5712.5;5726;672662;5726
MGNT;D;230824;0;5757;5880;5733;5865;379590;5865
MGNT;D;230825;0;5900;5947;5880.5;5888;538933;5888
MGNT;D;230828;0;5910.5;6000;5850.5;5984.5;535940;5984.5
MGNT;D;230829;0;5994;6144.5;5926;5978;1409596;5978
MGNT;D;230830;0;5978.5;5985;5836.5;5935.5;782938;5935.5
MGNT;D;230831;0;5939.5;6100;5937;6080;748975;6080
MGNT;D;230901;0;6088.5;6100;6003;6078;365520;6078
MGNT;D;230904;0;6099;6130.5;6060.5;6102;282322;6102
MGNT;D;230905;0;6104;6110;6001;6035;353465;6035
MGNT;D;230906;0;6028.5;6035;5900;5906;330391;5906
MGNT;D;230907;0;5903;5955;5670;5745.5;647106;5745.5
MGNT;D;230908;0;5762;5798;5585;5704.5;702284;5704.5
MGNT;D;230911;0;5693;5747.5;5563;5605;488776;5605
MGNT;D;230912;0;5648;5793;5630;5784.5;464406;5784.5
MGNT;D;230913;0;5779;5793;5618.5;5654.5;239025;5654.5
MGNT;D;230914;0;5656;5895;5577;5795;686181;5795
MGNT;D;230915;0;5791.5;5871;5710.5;5795;463835;5795
MGNT;D;230918;0;5845.5;5848.5;5700;5775;327439;5775
MGNT;D;230919;0;5771.5;5775;5540;5558;550583;5558
MGNT;D;230920;0;5567.5;5590;5457.5;5491;531277;5491
MGNT;D;230921;0;5474;5494;5251;5283;915208;5283
MGNT;D;230922;0;5300;5480;5222.5;5475;669619;5475
MGNT;D;230925;0;5469.5;5505;5350;5407.5;264496;5407.5
MGNT;D;230926;0;5390.5;5419.5;5293;5405;297696;5405
MGNT;D;230927;0;5421;5535;5411;5495;389797;5495
MGNT;D;230928;0;5502;5557;5475;5551.5;256374;5551.5
MGNT;D;230929;0;5560;5580;5481;5505;284276;5505
MGNT;D;231002;0;5535;5590;5470;5489;254547;5489
MGNT;D;231003;0;5485;5496;5397;5461;283355;5461
MGNT;D;231004;0;5441.5;5500;5411;5457;172032;5457
MGNT;D;231005;0;5458;5478;5388;5425.5;180664;5425.5
MGNT;D;231006;0;5437;5449;5365;5430.5;234015;5430.5
MGNT;D;231009;0;5433;5546;5433;5518;205867;5518
MGNT;D;231010;0;5520;5795;5503.5;5656;573607;5656
MGNT;D;231011;0;5672;5715;5505;5550.5;541154;5550.5
MGNT;D;231012;0;5540;5589;5516;5562;181188;5562
MGNT;D;231013;0;5568;5642;5510;5599.5;261040;5599.5
MGNT;D;231016;0;5606;5689.5;5605;5665;211904;5665
MGNT;D;231017;0;5672;5789.5;5640;5764.5;397203;5764.5
MGNT;D;231018;0;5764.5;5788;5675;5753;285104;5753
MGNT;D;231019;0;5781.5;5862.5;5730;5795.5;437661;5795.5
MGNT;D;231020;0;5793;5850;5737;5839;270676;5839
MGNT;D;231023;0;5840;5988.5;5840;5973.5;691336;5973.5
MGNT;D;231024;0;5981;6090;5925.5;6073;723620;6073
MGNT;D;231025;0;6072.5;6137.5;6002;6046.5;417002;6046.5
MGNT;D;231026;0;6045;6072.5;5888;5913;433782;5913
MGNT;D;231027;0;5930;6090;5867.5;6015;550911;6015
MGNT;D;231030;0;6022;6055.5;5931.5;5948;275181;5948
MGNT;D;231031;0;5942;5946.5;5777.5;5818;430224;5818
MGNT;D;231101;0;5816.5;5924.5;5810;5874;200175;5874
MGNT;D;231102;0;5877;5927;5840;5847;159940;5847
MGNT;D;231103;0;5851;5892;5817;5866.5;128826;5866.5
MGNT;D;231106;0;5873;5949.5;5859;5896.5;136590;5896.5
MGNT;D;231107;0;5890;6078;5865;6044.5;418744;6044.5
MGNT;D;231108;0;6050;6175;6028.5;6090;552022;6090
MGNT;D;231109;0;6092;6115.5;5992;6079.5;328569;6079.5
MGNT;D;231110;0;6075.5;6110;5995;6015.5;193565;6015.5
MGNT;D;231113;0;6020;6119.5;5974;6061;232991;6061
MGNT;D;231114;0;6062;6088.5;5911;5940;498631;5940
MGNT;D;231115;0;5924;5973.5;5851;5935;470863;5935
MGNT;D;231116;0;5940;5956;5817.5;5823;219395;5823
MGNT;D;231117;0;5820;5930;5760.5;5903.5;270846;5903.5
MGNT;D;231120;0;5904;6005.5;5904;5931;235916;5931
MGNT;D;231121;0;5931;5980;5900.5;5952;208727;5952
MGNT;D;231122;0;5967;6049;5952.5;6045.5;279271;6045.5
MGNT;D;231123;0;6045.5;6350;5988;6259;1661792;6259
MGNT;D;231124;0;6239.5;6388;6165.5;6323;1719942;6323
MGNT;D;231127;0;6347;6390;6260;6290;644395;6290
MGNT;D;231128;0;6309.5;6353;6261;6347.5;352828;6347.5
MGNT;D;231129;0;6350;6447;6300.5;6377.5;326023;6377.5
MGNT;D;231130;0;6379;6434.5;6275;6354;387272;6354
MGNT;D;231201;0;6365.5;6480;6330.5;6405.5;467539;6405.5
MGNT;D;231204;0;6425;6438.5;6265;6265;403677;6265
MGNT;D;231205;0;6270;6334;6225;6333.5;217683;6333.5
MGNT;D;231206;0;6335;6479.5;6287.5;6352;415141;6352
MGNT;D;231207;0;6362;6390;6231;6264;305923;6264
MGNT;D;231208;0;6276;6295;6162;6170;238105;6170
MGNT;D;231211;0;6167.5;6193;6005;6058.5;318872;6058.5
MGNT;D;231212;0;6066;6137.5;6022;6071.5;251328;6071.5
MGNT;D;231213;0;6042.5;6128;6026.5;6096.5;131289;6096.5
MGNT;D;231214;0;6100;6165.5;6030;6072.5;200493;6072.5
MGNT;D;231215;0;6072.5;6398;6057;6362;430203;6362
MGNT;D;231218;0;6375;6472.5;6318;6464.5;321613;6464.5
MGNT;D;231219;0;6470.5;6495.5;6377.5;6477.5;212547;6477.5
MGNT;D;231220;0;6483.5;6768;6478;6692.5;610400;6692.5
MGNT;D;231221;0;6693.5;6748.5;6590;6704.5;379646;6704.5
MGNT;D;231222;0;6705.5;6741;6645;6680;230996;6680
MGNT;D;231225;0;6689;6939.5;6689;6939.5;592469;6939.5
MGNT;D;231226;0;6943.5;6975;6859.5;6920.5;373914;6920.5
MGNT;D;231227;0;6931;7018.5;6907.5;6982.5;332898;6982.5
MGNT;D;231228;0;7000;7014.5;6875;6970;242561;6970
MGNT;D;231229;0;6968;7018;6930.5;7006;228914;7006
MGNT;D;240103;0;7014.5;7187.5;7014.5;7187;186452;7187
MGNT;D;240104;0;7189.5;7316.5;7189.5;7305.5;276273;7305.5
MGNT;D;240105;0;7320;7342;7211;7255.5;195333;7255.5
MGNT;D;240108;0;7273.5;7298.5;7150;7210;269954;7210
MGNT;D;240109;0;7197.5;7239;7141;7214.5;322859;7214.5
MGNT;D;240110;0;7215;7380;7182;7380;708270;7380
MGNT;D;240111;0;7048;7173.5;7021.5;7114.5;1024062;7114.5
MGNT;D;240112;0;7120.5;7147;7057;7082;287570;7082
MGNT;D;240115;0;7092.5;7115;7041;7070;315706;7070
MGNT;D;240116;0;7077;7088.5;6909;6923;518798;6923
MGNT;D;240117;0;6903;6970;6882.5;6943.5;206241;6943.5
MGNT;D;240118;0;6949;6968;6811.5;6816.5;369729;6816.5
MGNT;D;240119;0;6819.5;7032.5;6786;6944.5;700435;6944.5
MGNT;D;240122;0;6960;6971.5;6881;6890.5;171047;6890.5
MGNT;D;240123;0;6890.5;6917;6845.5;6883.5;113162;6883.5
MGNT;D;240124;0;6880;6950;6871.5;6895;160997;6895
MGNT;D;240125;0;6900;6911.5;6831;6864.5;147480;6864.5
MGNT;D;240126;0;6864.5;6868.5;6805;6820.5;179405;6820.5
MGNT;D;240129;0;6833.5;6909;6812;6905.5;124404;6905.5
MGNT;D;240130;0;6920;7113;6899.5;7049.5;497132;7049.5
MGNT;D;240131;0;7050;7099;6995.5;7039.5;193049;7039.5
MGNT;D;240201;0;7062.5;7138;7043;7119;331108;7119
MGNT;D;240202;0;7121;7194.5;7101;7116;247632;7116
MGNT;D;240205;0;7114.5;7168.5;7052.5;7062.5;157476;7062.5
MGNT;D;240206;0;7065;7199;7062.5;7199;221631;7199
MGNT;D;240207;0;7199.5;7301.5;7146;7283.5;333613;7283.5
MGNT;D;240208;0;7285;7425;7261;7318;564090;7318
MGNT;D;240209;0;7320;7328;7220;7283;251746;7283
MGNT;D;240212;0;7290;7345.5;7195;7249;256550;7249
MGNT;D;240213;0;7250;7313;7200.5;7250;207655;7250
MGNT;D;240214;0;7269.5;7428.5;7253.5;7420;361913;7420
MGNT;D;240215;0;7420;7508;7403;7471.5;423826;7471.5
MGNT;D;240216;0;7484;7494.5;7332;7424.5;258230;7424.5
MGNT;D;240219;0;7432;7516.5;7385;7399.5;202094;7399.5
MGNT;D;240220;0;7400;7491;7255;7256.5;278627;7256.5
MGNT;D;240221;0;7256;7399;7152;7199;364795;7199
MGNT;D;240222;0;7216.5;7278.5;7200;7272;260691;7272
MGNT;D;240226;0;7343;7450;7336.5;7401;240693;7401
MGNT;D;240227;0;7425;7499.5;7340.5;7499.5;332880;7499.5
MGNT;D;240228;0;7525.5;7686;7504;7631.5;551726;7631.5
MGNT;D;240229;0;7635;7679;7581.5;7651.5;214598;7651.5
MGNT;D;240301;0;7652.5;7725;7612.5;7634;215404;7634
MGNT;D;240304;0;7642;7710;7592;7698;251919;7698
MGNT;D;240305;0;7704;7739.5;7600;7610;198004;7610
MGNT;D;240306;0;7605;7678.5;7550.5;7613;159543;7613
MGNT;D;240307;0;7605;7651;7562;7646;176765;7646
MGNT;D;240311;0;7660;7767.5;7630.5;7760;314267;7760
MGNT;D;240312;0;7750;7794;7701.5;7744;207141;7744
MGNT;D;240313;0;7748.5;7764;7630;7648.5;160664;7648.5
MGNT;D;240314;0;7648;7648;7551;7607.5;256929;7607.5
MGNT;D;240315;0;7604.5;7695;7591.5;7611.5;180574;7611.5
MGNT;D;240318;0;7628.5;7676;7609;7636;105591;7636
MGNT;D;240319;0;7632.5;7686.5;7573;7586;218406;7586
MGNT;D;240320;0;7575.5;7663;7522;7599;208718;7599
MGNT;D;240321;0;7615.5;7650;7560;7604;114889;7604
MGNT;D;240322;0;7604.5;7608.5;7374.5;7410.5;475127;7410.5
MGNT;D;240325;0;7447;7640;7432.5;7611.5;306770;7611.5
MGNT;D;240326;0;7645.5;7700;7598.5;7689;189715;7689
MGNT;D;240327;0;7691;7749.5;7625;7709;305180;7709
MGNT;D;240328;0;7709.5;7878;7690;7740.5;690256;7740.5
MGNT;D;240329;0;7770;7968;7736;7896;447784;7896
MGNT;D;240401;0;7905.5;7988;7890;7943;283304;7943
MGNT;D;240402;0;7945;7965;7752.5;7818;374396;7818
MGNT;D;240403;0;7834;7860;7755;7804;227480;7804
MGNT;D;240404;0;7805;7920;7780;7864.5;218658;7864.5
MGNT;D;240405;0;7870;7943.5;7808.5;7840;172789;7840
MGNT;D;240408;0;7853;8000;7832;8000;282686;8000
MGNT;D;240409;0;8030;8065;7890;7935;212859;7935
MGNT;D;240410;0;7939.5;7967;7875.5;7918;117119;7918
MGNT;D;240411;0;7920;7958.5;7880;7880.5;68415;7880.5
MGNT;D;240412;0;7886.5;8000;7882;7991.5;205188;7991.5
MGNT;D;240415;0;7994.5;8258;7976.5;8248.5;453541;8248.5
MGNT;D;240416;0;8247.5;8365.5;8111.5;8232;427173;8232
MGNT;D;240417;0;8233.5;8257;8126.5;8160;138745;8160
MGNT;D;240418;0;8161.5;8192;8046.5;8078.5;230366;8078.5
MGNT;D;240419;0;8105.5;8230;8055;8181.5;152668;8181.5
MGNT;D;240422;0;8189;8281;8169;8204;216754;8204
MGNT;D;240423;0;8215.5;8300;8131;8211.5;260953;8211.5
MGNT;D;240424;0;8214.5;8277.5;8111;8153;210195;8153
MGNT;D;240425;0;8143.5;8198.5;8100;8122;72609;8122
MGNT;D;240426;0;8122;8329;8113.5;8310;249403;8310
MGNT;D;240427;0;8313;8330;8163;8235;229613;8235
MGNT;D;240429;0;8234.5;8360;8177;8324;192250;8324
MGNT;D;240430;0;8322;8431.5;8302.5;8405;170149;8405
